cD#subreddit,iS#month,mS# keyword0,mS# keyword1,mS# keyword2,mS# keyword3,mS# keyword4,mS# keyword5,mS# keyword6,mS# keyword7,mS# keyword8,mS# keyword9,mS# keyword10,mS# keyword11,mS# keyword12,mS# keyword13,mS# keyword14,mS# keyword15,mS# keyword16,mS# keyword17,mS# keyword18,mS# keyword19,mS# keyword20,mS# keyword21,mS# keyword22,mS# keyword23,mS# keyword24,mS# keyword25,mS# keyword26,mS# keyword27,mS# keyword28,mS# keyword29,mS# keyword30,mS# keyword31,mS# keyword32,mS# keyword33,mS# keyword34,mS# keyword35,mS# keyword36,mS# keyword37,mS# keyword38,mS# keyword39,mS# keyword40,mS# keyword41,mS# keyword42,mS# keyword43,mS# keyword44,mS# keyword45,mS# keyword46,mS# keyword47,mS# keyword48,mS# keyword49,mC#sentiment
aww,Jan,approved,performed,actually,love,youre,list,does,rules,action,old,wikihttpswwwredditcomrawwwikiindex,cat,looks,cute,know,time,got,thing,pretty,didnt,cats,want,hes,did,right,way,concerns,dogs,think,look,ive,site,bot,submission,going,sure,dog,people,little,really,make,contact,view,questions,automatically,moderators,domains,good,subredditmessagecomposetoraww,theyre,0.1201427490,
aww,Feb,cute,way,theyre,view,automatically,cat,looks,sure,pretty,questions,cats,love,time,want,ive,did,concerns,performed,think,people,little,look,youre,day,contact,site,dogs,good,domains,subredditmessagecomposetoraww,didnt,actually,approved,make,list,right,does,really,thing,going,bot,dog,got,old,rules,action,submission,moderators,know,hes,0.1236435391,
aww,Mar,good,hes,site,cat,right,thing,submission,automatically,looks,little,want,way,sure,list,day,performed,subredditmessagecomposetoraww,oh,dog,look,did,does,questions,view,action,know,got,pretty,contact,approved,concerns,wikihttpswwwredditcomrawwwikiindex,dogs,think,cute,really,time,ive,theyre,people,love,cats,youre,rules,domains,make,going,bot,say,moderators,0.1257421122,
aww,Apr,thought,life,contact,cute,right,make,going,old,oh,say,time,cats,look,did,dog,love,thing,years,day,submission,need,site,good,want,ive,youre,doesnt,view,little,hes,way,adorable,list,cat,dogs,looks,actually,sure,pretty,rules,action,know,think,people,does,great,really,got,theyre,didnt,0.1406709783,
aww,May,little,good,hes,did,right,theyre,cat,looks,think,got,look,ive,shes,shit,years,list,know,really,sure,make,didnt,contact,cute,does,day,time,oh,thought,rules,dog,dogs,people,love,want,say,actually,submission,cats,youre,thing,best,life,way,going,pretty,old,need,doesnt,adorable,site,0.1348412353,
aww,Jun,looks,dogs,didnt,thought,submission,great,dog,people,right,going,shes,say,adorable,cute,thing,want,youre,make,day,actually,life,cat,know,little,way,happy,years,cats,look,did,sure,doesnt,pretty,need,good,love,got,ive,does,old,big,best,shit,think,hes,time,really,theyre,oh,rules,0.1432558380,
aww,Jul,good,did,doesnt,shes,didnt,shit,cat,look,thing,pretty,actually,probably,dog,little,got,oh,theyre,years,happy,adorable,think,ive,does,way,day,sure,going,dogs,time,hes,want,old,say,right,youre,life,great,cute,know,love,cats,animals,face,need,best,thought,looks,people,really,make,0.1440995817,
aww,Aug,thing,old,actually,best,lol,cute,cats,hes,time,day,animals,years,happy,got,right,need,life,dogs,really,youre,did,way,looks,think,good,didnt,great,dog,look,oh,people,want,make,does,going,cat,love,little,shes,shit,thought,say,doesnt,pretty,theyre,adorable,big,know,ive,sure,0.1484900299,
aww,Sep,hes,thing,sure,oh,thought,cat,time,little,adorable,does,didnt,life,years,face,love,youre,make,ive,way,old,doesnt,happy,cute,think,look,lol,actually,animals,know,day,pretty,shes,probably,looks,cats,really,did,right,going,theyre,need,people,good,want,say,best,great,dog,dogs,got,0.1465212589,
aww,Oct,good,got,did,thing,way,does,pretty,dogs,years,shit,look,say,big,people,hes,day,old,actually,doesnt,shes,lol,little,right,youre,oh,face,love,cat,cute,really,going,great,dog,know,think,cats,theyre,adorable,happy,looks,need,didnt,best,want,ive,sure,make,thought,life,time,0.1484591501,
aww,Nov,way,does,oh,actually,say,cute,really,did,didnt,adorable,lol,right,ive,thing,pretty,years,dogs,looks,want,life,sure,doesnt,cat,little,got,make,day,big,good,look,youre,need,dog,know,love,great,time,theyre,old,happy,think,people,cats,best,shit,shes,yeah,hes,going,thought,0.1483328648,
wholesomememes,Sep,friends,200,subreddit,thanks,mr,rrarepuppers,glad,hit,huh,subscribe,discovered,thank,happy,enjoy,nice,think,adolf,kidding,sarcasm,days,know,bob,feel,culture,credit,remind,crush,wholesome,fishy,yes,coming,100,favorite,new,send,youre,today,sub,post,twinge,negative,believe,day,harmless,wow,man,love,hope,stressed,art,0.4311383061,
wholesomememes,Oct,pupper,think,friends,way,memes,person,day,great,want,happy,sure,need,wonderful,love,thanks,positive,try,did,wholesome,man,really,youre,better,things,thank,people,right,little,post,life,ive,going,subreddit,say,friend,hope,make,meme,glad,hey,good,sub,happiness,place,makes,time,nice,best,know,feel,0.4124139364,
wholesomememes,Nov,friend,lt3,image,link,thank,hey,hope,bot,free,moderators,performed,help,end,sub,follow,gif,submission,thanks,great,ends,contact,direct,nice,rule,automatically,good,wholesome,think,time,make,resubmit,stay,remove,day,1,understanding,6,unfortunately,meme,love,feel,people,youre,using,action,know,really,happy,message,questions,0.3438323252,
wholesomememes,Dec,using,thank,youre,sub,follow,think,time,lt3,better,link,want,ive,love,really,concerns,submitting,way,image,understanding,gif,happy,nice,questions,submission,contact,feel,day,hope,6,bot,best,life,unfortunately,thanks,wholesome,message,make,album,rule,1,people,help,free,end,stay,friend,good,know,great,hey,0.3391401666,
aww,Dec,good,know,cats,does,thought,best,cute,think,got,old,years,dog,pretty,need,actually,adorable,lol,great,probably,ive,time,thing,sure,going,doesnt,hes,love,people,really,youre,life,cat,way,day,theyre,shes,happy,little,right,make,oh,yeah,did,dogs,look,want,say,didnt,shit,looks,0.1609652079,
upliftingnews,Jan,want,thing,years,day,yeah,know,youre,person,said,help,work,probably,ive,water,man,lot,didnt,actually,say,isnt,got,theyre,really,doesnt,bad,government,gt,people,right,shit,pretty,life,guy,did,way,money,does,better,things,point,great,good,time,make,going,need,sure,doing,dog,think,-0.0027755743,
upliftingnews,Feb,right,does,pretty,day,point,good,really,things,guy,bad,love,probably,work,yeah,feel,world,year,thing,say,doesnt,actually,money,ive,great,time,make,life,didnt,lot,said,going,want,need,sure,better,person,isnt,man,people,think,know,did,got,years,mean,way,youre,story,dog,shit,0.0246909485,
upliftingnews,Mar,really,better,man,people,know,time,way,want,years,didnt,need,ive,person,lot,guy,doing,think,going,money,doesnt,great,probably,point,make,work,actually,things,homeless,pretty,help,did,life,got,does,food,youre,sure,day,say,bad,shit,good,right,thing,isnt,job,said,feel,story,hes,0.0386634775,
upliftingnews,Apr,people,money,things,got,make,way,right,said,doing,feel,kids,bad,good,really,did,isnt,actually,work,kid,ive,years,didnt,doesnt,sure,life,great,person,man,think,know,need,lot,does,probably,old,yeah,mean,say,want,guy,time,better,pretty,year,point,thing,going,youre,day,gt,0.0295357867,
upliftingnews,May,people,thing,got,bad,know,doesnt,world,capitalism,gt,yeah,guy,good,want,didnt,lot,does,person,great,think,way,did,said,things,point,doing,right,isnt,say,work,pretty,really,time,money,actually,help,youre,need,sure,mean,better,probably,shit,ive,make,going,life,years,dog,theres,man,0.0219264983,
upliftingnews,Jun,did,point,person,probably,really,doesnt,lot,mean,saying,people,think,make,actually,years,doing,feel,way,said,work,got,pay,better,bad,youre,going,isnt,life,pretty,day,ive,good,thing,say,sure,things,gay,gt,world,time,want,didnt,does,shit,free,know,right,need,money,theyre,debt,0.0120956010,
upliftingnews,Jul,day,yeah,guy,need,sure,work,person,say,theyre,bad,gt,think,way,money,life,world,right,better,things,use,pretty,probably,bags,people,going,want,actually,good,lot,said,kids,mean,point,know,really,time,years,got,does,great,doing,make,did,thing,didnt,ive,youre,doesnt,isnt,shit,0.0239778010,
upliftingnews,Aug,better,great,mean,going,got,need,pretty,life,gt,day,point,love,time,doesnt,thing,said,theyre,pay,say,work,years,money,shit,probably,person,lot,sure,things,does,world,man,good,did,didnt,isnt,doing,right,want,ive,bad,make,youre,way,actually,people,think,know,really,yeah,theres,0.0271633197,
upliftingnews,Sep,say,isnt,said,school,doing,year,time,youre,want,shit,theyre,point,help,think,money,doesnt,life,bad,hes,use,make,work,better,things,sure,person,people,know,thing,actually,didnt,lot,man,pretty,really,did,right,years,great,yeah,ive,got,does,guy,day,probably,good,way,going,need,0.0194025864,
upliftingnews,Oct,dogs,school,doesnt,got,thing,things,time,work,actually,life,lot,year,isnt,shit,people,really,world,did,way,didnt,day,want,better,good,make,high,yeah,going,right,sure,say,money,pretty,youre,years,point,does,kid,ive,great,gt,know,need,kids,said,probably,mean,little,think,dog,0.0145857500,
upliftingnews,Oct,year,better,gt,people,time,did,want,lot,point,got,ive,mean,right,say,money,isnt,probably,think,make,dog,way,years,little,going,sure,actually,life,does,pretty,world,school,work,need,dogs,shit,thing,things,high,know,really,didnt,kids,day,yeah,great,good,youre,doesnt,said,kid,0.0145857500,
upliftingnews,Nov,know,good,isnt,time,right,does,years,work,point,theyre,yeah,make,way,life,lot,actually,sure,better,mean,really,doesnt,want,need,world,probably,great,cat,youre,got,year,dog,gt,bad,things,money,use,person,people,think,going,did,guy,hes,pretty,shit,ive,thing,say,didnt,said,0.0132499714,
upliftingnews,Dec,people,right,say,didnt,world,day,youre,thing,doesnt,said,shit,way,bad,got,doing,year,feel,know,did,better,point,gt,make,want,need,going,isnt,work,theyre,pretty,yeah,think,good,time,things,theres,use,sure,lot,life,does,person,really,actually,years,ive,mean,probably,saying,read,-0.0003224297,
worldnews,Feb,way,good,said,need,read,things,people,right,probably,yeah,better,money,does,doesnt,going,saying,know,want,pretty,bad,gt,sure,countries,war,theres,far,isnt,shit,did,thing,government,new,mean,work,really,time,lot,youre,actually,didnt,theyre,use,think,country,world,years,point,yes,make,say,-0.0577292472,
worldnews,Jan,years,yes,gt,way,good,say,theyre,mean,saying,problem,really,time,going,does,bad,women,better,money,make,sure,read,new,need,right,said,probably,countries,government,pretty,want,actually,thing,point,things,didnt,lot,refugees,people,think,country,doesnt,work,isnt,shit,europe,war,know,youre,world,did,-0.0690357774,
worldnews,Mar,war,new,time,good,country,years,need,shit,theyre,money,yeah,saying,theres,gt,way,did,sure,things,read,think,say,does,pretty,make,really,youre,problem,bad,probably,people,want,isnt,point,thing,mean,world,doesnt,going,better,countries,believe,actually,said,didnt,government,yes,know,right,lot,work,-0.0634872655,
worldnews,Apr,lot,people,time,say,government,isnt,thing,need,yes,work,doesnt,youre,mean,probably,bad,know,years,read,pretty,doing,shit,want,make,country,world,actually,said,didnt,countries,theyre,right,way,new,far,gt,good,sure,better,think,does,money,point,things,war,use,really,going,did,saying,theres,-0.0515465778,
worldnews,May,doesnt,government,thing,read,sure,things,theres,think,make,way,good,world,didnt,saying,work,want,does,country,did,said,lot,mean,money,yes,people,youre,years,gt,right,say,going,isnt,countries,better,pretty,theyre,far,problem,actually,shit,bad,yeah,really,need,use,know,time,point,new,war,-0.0565884092,
worldnews,Jun,youre,actually,sure,read,mean,yeah,theres,people,right,time,isnt,years,vote,better,know,doesnt,eu,didnt,countries,yes,think,make,really,say,uk,saying,lot,going,world,said,point,things,leave,government,new,way,country,does,did,shit,theyre,bad,want,need,gt,good,thing,pretty,far,fuck,-0.0639493989,
worldnews,Jul,said,shit,saying,lot,muslims,pretty,problem,gt,want,youre,people,need,bad,turkey,time,going,say,world,did,things,government,theyre,think,actually,sure,better,fuck,yeah,good,right,make,way,country,thing,point,didnt,know,countries,mean,doesnt,does,years,new,islam,far,really,read,war,yes,isnt,-0.0750004869,
worldnews,Aug,thing,need,new,far,reddit,way,did,years,theyre,youre,country,going,said,war,know,gt,does,shit,mean,lot,theres,yes,think,really,good,didnt,government,women,better,muslims,make,say,world,read,pretty,problem,sure,want,right,time,doesnt,isnt,actually,point,things,saying,countries,people,bad,yeah,-0.0634992947,
worldnews,Sep,people,want,gt,really,good,say,countries,work,saying,bad,right,country,thing,war,pretty,money,use,yeah,theres,think,make,going,new,yes,far,did,actually,need,things,read,government,shit,lot,mean,got,doesnt,does,isnt,years,said,point,time,youre,didnt,theyre,know,way,world,sure,better,-0.0546030074,
worldnews,Oct,better,bad,know,youre,government,countries,theyre,does,think,gt,really,going,read,things,theres,people,russia,money,good,country,say,world,isnt,years,point,didnt,right,saying,way,actually,said,thing,sure,lot,far,want,reddit,need,shit,mean,pretty,work,new,time,doesnt,did,war,yes,yeah,make,-0.0535627184,
worldnews,Nov,really,better,trump,point,shit,yes,work,time,thing,didnt,reddit,pretty,said,isnt,bot,know,make,right,did,new,saying,think,gt,does,read,change,countries,power,doesnt,youre,years,actually,need,war,people,going,things,sure,money,say,government,lot,want,good,way,world,country,mean,russia,far,-0.0431193578,
worldnews,Dec,trump,say,years,sure,countries,want,know,does,actually,government,new,pretty,news,people,look,said,shit,lot,better,believe,doesnt,country,isnt,russia,thing,time,make,didnt,war,gt,right,way,good,need,far,think,youre,point,things,saying,bad,yes,really,going,world,china,read,mean,theyre,did,-0.0612550912,
news,Jan,pretty,probably,pay,good,need,actually,money,gun,way,thing,government,use,theres,make,police,theyre,got,think,isnt,does,saying,doing,things,law,mean,time,did,gt,said,shit,problem,work,better,person,want,say,sure,years,point,going,doesnt,didnt,people,know,youre,right,really,lot,bad,fuck,-0.0948837200,
news,Feb,know,gt,better,sure,use,got,getting,make,right,isnt,need,actually,thing,years,does,work,money,lot,police,mean,theres,want,did,person,theyre,fuck,people,think,way,things,government,law,pay,youre,good,say,didnt,said,point,pretty,saying,probably,guy,time,really,doesnt,bad,going,shit,life,-0.0886546020,
news,Mar,say,does,law,state,fuck,time,really,person,better,theres,case,know,sure,did,isnt,lot,want,way,thing,life,money,pretty,right,going,need,didnt,said,years,work,use,good,gt,theyre,probably,point,things,mean,government,bad,police,think,make,got,saying,people,shit,actually,guy,youre,doesnt,-0.0911753220,
news,Apr,good,did,does,person,pretty,life,way,want,ive,years,theyre,probably,say,need,better,doing,doesnt,shit,really,right,gt,didnt,said,work,time,youre,saying,actually,things,mean,bad,yeah,think,sure,make,going,isnt,point,money,lot,people,know,theres,got,state,government,law,fuck,thing,use,-0.0820352599,
news,May,people,make,lot,person,yeah,way,theyre,bad,think,need,years,use,government,saying,time,gt,did,isnt,shit,mean,better,theres,life,youre,good,does,point,got,wrong,law,fuck,know,doesnt,didnt,sure,said,money,probably,right,going,want,things,pretty,doing,really,say,actually,thing,work,pay,-0.0851445417,
news,Jun,mean,youre,really,way,gt,didnt,need,sure,saying,fucking,yeah,people,make,did,years,things,got,going,shit,pretty,guns,guy,right,time,lot,fuck,life,person,think,know,doesnt,said,point,does,theyre,bad,work,problem,actually,use,better,money,say,good,gun,isnt,thing,probably,want,theres,-0.1065104625,
news,Jul,gun,things,white,years,police,way,did,need,guy,use,fuck,really,isnt,man,fucking,lot,better,people,time,want,point,thing,problem,think,make,doesnt,didnt,does,saying,got,know,youre,cops,going,say,black,said,theyre,shot,cop,law,good,gt,shit,sure,person,right,actually,bad,mean,-0.1265854234,
news,Aug,police,yeah,youre,good,sure,black,white,think,did,need,mean,way,lot,better,got,work,life,theyre,going,isnt,things,years,money,probably,fuck,really,say,shit,right,want,gt,actually,theres,people,make,time,fucking,saying,use,pretty,guy,doesnt,didnt,does,point,person,bad,know,said,thing,-0.1034515074,
news,Sep,theres,people,does,did,need,lot,person,gun,bad,youre,doesnt,actually,thing,years,things,money,police,going,gt,didnt,said,sure,point,fuck,right,way,black,say,shit,got,guy,mean,better,time,really,cops,yeah,good,theyre,want,isnt,saying,probably,know,make,work,pretty,doing,think,use,-0.1004363863,
news,Oct,got,mean,use,white,theres,youre,way,want,say,sure,law,doesnt,fuck,good,gt,said,does,pretty,isnt,didnt,better,person,fucking,right,really,going,did,actually,money,theyre,police,people,think,know,make,thing,shit,years,things,lot,saying,bad,government,time,need,point,work,probably,yeah,doing,-0.0943889130,
news,Nov,think,make,use,government,want,gt,sure,work,saying,doesnt,good,didnt,isnt,pretty,fucking,theres,going,actually,shit,does,better,bad,probably,yes,trump,way,did,said,point,got,mean,fuck,thing,things,yeah,people,youre,time,really,say,need,years,person,country,world,know,right,lot,theyre,money,-0.0936639852,
news,Dec,lot,life,fuck,youre,actually,thing,shit,really,need,trump,said,saying,theyre,yeah,want,good,didnt,better,probably,government,people,right,things,did,say,does,point,sure,think,know,time,mean,believe,person,use,world,doesnt,gt,got,theres,make,years,work,money,bad,pretty,doing,way,going,isnt,-0.0842266275,
politics,Jan,country,pretty,know,doesnt,isnt,support,didnt,better,obama,mean,make,way,actually,hes,feel,did,thing,sure,state,good,youre,clinton,vote,need,question,saying,trump,going,want,money,say,said,point,things,sanders,hillary,time,gt,years,president,does,government,free,people,think,bernie,really,right,lot,political,-0.0050184164,
politics,Feb,need,better,party,years,really,did,money,thing,know,want,way,isnt,support,saying,state,election,trump,vote,make,does,hes,youre,obama,gt,said,point,president,people,think,bernie,time,things,feel,right,good,candidate,campaign,actually,lot,win,free,hillary,clinton,going,doesnt,republican,sanders,say,didnt,sure,0.0102584531,
politics,Mar,does,sure,election,years,really,hes,didnt,lot,need,trump,vote,make,time,point,candidate,going,youre,actually,states,voting,bernie,right,want,supporters,thing,party,support,president,people,think,say,gt,said,things,win,better,hillary,sanders,way,good,isnt,did,money,mean,clinton,know,doesnt,state,saying,free,-0.0052598951,
politics,Apr,actually,does,better,hillary,make,really,say,isnt,think,gt,need,campaign,new,supporters,sure,things,going,time,youre,way,did,clinton,want,state,years,doesnt,point,election,mean,people,trump,right,lot,win,hes,candidate,thing,sanders,vote,know,said,money,support,president,voting,bernie,good,party,didnt,saying,0.0026758816,
politics,May,make,said,does,thing,support,people,point,money,things,shes,bernie,clinton,sanders,right,isnt,supporters,know,actually,president,election,mean,gt,want,way,say,youre,candidate,years,saying,state,trump,vote,doesnt,time,hes,sure,win,shit,lot,think,did,good,didnt,need,better,hillary,going,really,party,look,-0.0049300160,
politics,Jun,got,hillary,know,bernie,gt,want,better,party,support,money,shit,state,election,obama,trump,doesnt,say,sure,things,candidate,saying,president,clinton,way,said,actually,does,didnt,mean,years,think,youre,thing,supporters,country,right,going,sanders,good,hes,point,isnt,need,people,vote,make,really,time,did,lot,-0.0259139440,
politics,Jul,make,didnt,does,thing,president,state,doesnt,time,good,hes,support,pretty,voting,trump,clinton,bernie,isnt,sure,point,right,youre,gt,say,way,party,things,mean,country,did,shit,need,years,believe,really,said,candidate,better,got,vote,want,actually,people,hillary,think,know,going,dnc,saying,election,sanders,-0.0319635749,
politics,Aug,years,election,pretty,candidate,really,way,things,mean,doesnt,actually,isnt,state,want,vote,didnt,thing,know,hillary,make,going,sure,party,think,gt,good,shit,point,need,look,clinton,said,youre,does,money,got,campaign,trump,say,hes,did,better,people,time,saying,believe,country,right,president,lot,obama,-0.0368950126,
politics,Sep,use,things,president,candidate,need,really,want,isnt,better,personal,mean,people,say,thing,youre,shit,hate,clinton,right,said,election,country,doesnt,way,agree,believe,good,vote,hes,does,think,hillary,time,point,look,actually,didnt,got,gt,going,did,trump,saying,general,questions,years,lot,know,make,sure,-0.0395632225,
politics,Oct,people,going,isnt,hate,saying,comments,think,believe,vote,want,thing,point,sure,years,said,time,make,way,good,use,speech,really,gt,actually,general,clinton,right,things,shit,disagree,trump,hes,say,election,agree,attack,know,did,youre,questions,personal,mean,action,hillary,doesnt,didnt,does,president,need,bot,-0.0448332194,
politics,Nov,time,good,states,going,hillary,actually,vote,did,make,gt,want,agree,country,point,sure,shit,right,know,thing,party,lot,didnt,youre,said,need,voted,use,saying,think,clinton,way,believe,isnt,mean,white,state,people,election,doesnt,hes,years,does,trump,really,say,president,things,hate,got,obama,-0.0378819789,
politics,Dec,state,news,hillary,need,sure,president,obama,shit,trump,make,time,way,mean,russia,believe,isnt,does,use,government,know,youre,say,better,things,states,people,think,good,want,said,hes,point,country,did,gt,doesnt,clinton,hate,got,election,agree,right,really,didnt,years,thing,saying,going,vote,actually,-0.0411629401,
thedonald,Feb,good,need,did,looking,want,subreddit,time,nimble,fucktard,50,america,nice,clown,idea,mind,jokes,humor,ah,know,bernie,tell,built,remember,sub,country,shit,actually,political,matter,trump,secret,sanders,yeah,probably,rthedonald,youre,dumbass,real,care,fucking,right,service,orange,assassinate,required,say,lost,highway,make,headed,-0.0243123488,
thedonald,Mar,fucking,good,supporter,bernie,america,speech,isnt,going,trump,think,did,make,comment,actually,want,things,called,donald,better,people,know,really,agree,great,understand,shit,need,time,right,sanders,work,post,youre,got,kill,business,job,violence,lot,does,way,support,wouldnt,fuck,saying,sure,supporters,guy,doesnt,say,0.0030854187,
thedonald,Apr,hes,way,mexican,people,make,say,big,government,youre,wants,going,wall,come,makes,saying,love,trump,america,supporter,better,president,doesnt,exactly,know,donald,vote,does,really,isnt,hillary,think,real,right,need,muslims,mexico,muslim,good,thing,tax,support,country,tell,bernie,supporters,want,time,sanders,great,sure,-0.0131957613,
thedonald,May,know,muslims,lol,sure,come,think,bernie,hillary,donald,say,start,saying,pretty,good,going,sanders,need,better,president,looks,id,trump,way,make,support,got,candidate,lot,win,people,hes,best,thing,wall,actually,vote,really,trying,did,politics,makes,try,youre,right,money,clinton,want,isnt,years,said,-0.0418297568,
thedonald,Jun,muslims,fucking,make,ass,shit,want,got,right,actually,mexicans,muslim,real,reason,think,said,need,hes,isnt,mexico,win,fact,didnt,man,world,way,know,doesnt,bernie,lol,good,time,read,people,donald,stupid,point,probably,better,vote,racist,trump,youre,hillary,really,going,mean,come,say,country,did,-0.0955922516,
thedonald,Jul,isnt,saying,trump,right,say,wants,war,world,years,democrats,didnt,want,going,read,racist,use,gt,fuck,hillary,think,youre,said,actually,lol,country,really,shit,post,donald,time,believe,real,hes,yes,know,doesnt,wrong,muslims,people,make,mean,look,hate,vote,did,way,good,thing,support,probably,-0.1273734656,
thedonald,Aug,look,country,right,great,trump,youre,need,really,vote,hes,wall,supporters,time,better,place,rthedonald,maybe,think,said,did,america,use,lol,got,man,money,bot,understand,point,sure,say,things,doesnt,want,shit,going,donald,way,people,know,hillary,does,work,actually,yeah,trumps,real,make,good,support,-0.0510605083,
thedonald,Sep,threads,vote,did,want,really,reddit,good,shit,time,said,better,respect,links,man,supporters,trump,people,think,donald,going,actually,fuck,know,youre,got,say,rthedonald,real,linked,make,great,probably,isnt,rules,hillary,hope,clinton,does,guy,place,fucking,sure,america,right,bot,thing,way,didnt,look,thread,-0.0863837636,
thedonald,Oct,want,sure,person,way,need,trump,right,time,life,vote,got,hillary,clinton,donald,years,mean,really,hes,going,election,think,real,fuck,man,old,did,actually,didnt,president,post,doing,make,said,good,know,say,women,isnt,look,people,youre,doesnt,come,read,things,white,america,shit,does,lol,-0.0459319013,
thedonald,Nov,right,clinton,way,good,college,years,trump,hillary,election,votes,hes,saying,voted,fucking,going,doesnt,didnt,country,things,lol,need,youre,say,won,popular,america,electoral,obama,know,time,want,did,liberal,think,vote,actually,make,said,donald,got,lost,does,states,people,really,president,shit,isnt,sure,win,-0.0458839593,
thedonald,Dec,thing,getting,maybe,people,said,actually,shit,really,wrong,russia,word,trump,hillary,doesnt,way,point,lol,fuck,let,make,right,obama,oh,didnt,saying,going,time,ass,fucking,look,election,know,did,better,clinton,things,old,isnt,need,want,years,president,agree,youre,think,good,try,does,hes,say,-0.0544725069,
videos,Jan,questions,thing,got,time,look,automatically,youre,concerns,did,things,moderators,account,say,really,thank,sorry,guy,popular,right,didnt,forward,caused,want,people,make,bot,suggest,actually,good,action,contact,performed,subredditmessagecomposetorvideos,shit,future,comment,pretty,video,think,know,unfortunately,hello,submission,rvideos,does,way,going,come,link,doesnt,-0.0048461733,
videos,Feb,concerns,moderators,account,time,think,things,know,thing,subreddits,comment,unfortunately,hello,good,guy,popular,right,suggest,come,performed,submission,sorry,way,actually,say,link,look,thank,did,caused,forward,inconvenience,make,contact,automatically,going,youre,future,rvideos,action,questions,subredditmessagecomposetorvideos,shit,didnt,really,bot,submissions,doesnt,people,video,does,-0.0085290278,
videos,Mar,right,way,shit,inconvenience,sorry,caused,suggest,come,actually,know,questions,automatically,subredditmessagecomposetorvideos,does,future,account,forward,people,thank,contact,rvideos,link,going,concerns,subreddits,thing,doesnt,think,really,performed,say,look,action,good,bot,unfortunately,guy,did,submissions,time,video,things,hello,youre,popular,comment,didnt,make,submission,moderators,-0.0105970590,
videos,Apr,submission,link,did,didnt,things,make,look,hello,moderators,really,rvideos,future,think,10,action,automatically,concerns,good,way,popular,need,video,thank,subredditmessagecomposetorvideos,suggest,submissions,time,unfortunately,come,inconvenience,guy,shit,doesnt,bot,youre,caused,subreddits,going,right,thing,people,forward,comment,account,contact,know,performed,does,sorry,questions,-0.0039513993,
videos,May,isnt,guy,people,thank,way,account,did,contact,youre,does,really,forward,need,questions,hello,make,automatically,subredditmessagecomposetorvideos,future,shit,come,time,think,build,thing,know,caused,actually,video,bot,right,submit,doesnt,action,inconvenience,moderators,gt,things,good,submissions,karma,performed,submission,pretty,concerns,sorry,comment,going,look,rvideos,-0.0067090444,
videos,Jun,concerns,things,thing,going,karma,doesnt,questions,bot,rvideos,isnt,need,know,hello,submission,youre,guy,account,didnt,forward,look,action,did,caused,comment,video,automatically,thank,think,really,performed,moderators,subredditmessagecomposetorvideos,good,sorry,time,future,submit,actually,shit,way,right,come,build,say,contact,make,gt,does,want,people,-0.0140647025,
videos,Jul,good,didnt,comment,forward,moderators,right,caused,going,come,karma,does,action,bot,contact,automatically,actually,submit,performed,way,youre,think,video,know,thank,rvideos,did,guy,doesnt,got,say,time,look,submission,things,need,account,future,people,hello,shit,sorry,isnt,make,gt,concerns,subredditmessagecomposetorvideos,build,really,questions,thing,-0.0262318396,
videos,Aug,want,build,make,contact,concerns,did,thing,say,pretty,account,think,video,caused,rvideos,submission,right,going,sorry,bot,hello,doesnt,ive,really,look,guy,come,time,need,performed,subredditmessagecomposetorvideos,youre,sure,people,questions,automatically,moderators,good,isnt,does,shit,know,thank,future,actually,got,way,things,didnt,gt,action,-0.0127285151,
videos,Sep,future,people,thank,action,hello,sorry,actually,say,comment,know,really,questions,guy,time,gt,make,bot,submission,want,forward,look,does,youre,thing,caused,performed,isnt,did,right,karma,doesnt,automatically,rvideos,concerns,moderators,need,things,shit,video,way,didnt,pretty,got,build,think,contact,subredditmessagecomposetorvideos,good,going,account,-0.0055023124,
videos,Oct,questions,think,video,future,forward,gt,does,action,know,really,10,link,guy,time,automatically,build,inconvenience,users,shit,requires,people,moderators,did,subredditmessagecomposetorvideos,way,submission,sorry,account,submit,youre,popular,contact,rvideos,unfortunately,submissions,comment,suggest,concerns,caused,thank,bot,hello,performed,come,make,look,good,right,things,karma,-0.0084517342,
videos,Nov,way,action,contact,automatically,future,inconvenience,link,hello,rvideos,subredditmessagecomposetorvideos,unfortunately,users,youre,submission,moderators,things,account,forward,caused,questions,build,suggest,subreddits,minimum,threads,thank,make,does,know,really,requires,time,sorry,submissions,come,video,gt,comment,10,did,karma,submit,people,look,bot,concerns,performed,think,good,popular,-0.0039883297,
videos,Dec,time,thank,action,performed,account,look,does,things,sorry,concerns,build,inconvenience,10,contact,submission,submissions,way,link,users,think,automatically,really,come,right,going,make,questions,bot,hello,karma,caused,did,guy,didnt,rvideos,subredditmessagecomposetorvideos,future,good,youre,people,submit,comment,shit,video,know,moderators,forward,gt,popular,unfortunately,-0.0066108155,
